season,division,position,club,played,points,goalsFor,goalsAgainst
1981,1,1,Liverpool,42,87,80,32
1981,1,2,Ipswich Town,42,83,75,53
1981,1,3,Manchester United,42,78,59,29
1981,1,4,Tottenham Hotspur,42,71,67,48
1981,1,5,Arsenal,42,71,48,37
1981,1,6,Swansea City,42,69,58,51
1981,1,7,Southampton,42,66,72,67
1981,1,8,Everton,42,64,56,50
1981,1,9,West Ham United,42,58,66,57
1981,1,10,Manchester City,42,58,49,50
1981,1,11,Aston Villa,42,57,55,53
1981,1,12,Nottingham Forest,42,57,42,48
1981,1,13,Brighton & Hove Albion,42,52,43,52
1981,1,14,Coventry City,42,50,56,62
1981,1,15,Notts County,42,47,61,69
1981,1,16,Birmingham City,42,44,53,61
1981,1,17,West Bromwich Albion,42,44,46,57
1981,1,18,Stoke City,42,44,44,63
1981,1,19,Sunderland,42,44,38,58
1981,1,20,Leeds United,42,42,39,61
1981,1,21,Wolverhampton Wanderers,42,40,32,63
1981,1,22,Middlesbrough,42,39,34,52
1981,2,1,Luton Town,42,88,86,46
1981,2,2,Watford,42,80,76,42
1981,2,3,Norwich City,42,71,64,50
1981,2,4,Sheffield Wednesday,42,70,55,51
1981,2,5,Queens Park Rangers,42,69,65,43
1981,2,6,Barnsley,42,67,59,41
1981,2,7,Rotherham United,42,67,66,54
1981,2,8,Leicester City,42,66,56,48
1981,2,9,Newcastle United,42,62,52,50
1981,2,10,Blackburn Rovers,42,59,47,43
1981,2,11,Oldham Athletic,42,59,50,51
1981,2,12,Chelsea,42,57,60,60
1981,2,13,Charlton Athletic,42,51,50,65
1981,2,14,Cambridge United,42,48,48,53
1981,2,15,Crystal Palace,42,48,34,45
1981,2,16,Derby County,42,48,53,68
1981,2,17,Grimsby Town,42,46,53,65
1981,2,18,Shrewsbury Town,42,46,37,57
1981,2,19,Bolton Wanderers,42,46,39,61
1981,2,20,Cardiff City,42,44,45,61
1981,2,21,Wrexham,42,44,40,56
1981,2,22,Orient,42,39,36,61
1981,3,1,Burnley,46,80,66,45
1981,3,2,Carlisle United,46,80,65,50
1981,3,3,Fulham,46,78,77,51
1981,3,4,Lincoln City,46,77,66,40
1981,3,5,Oxford United,46,71,63,49
1981,3,6,Gillingham,46,71,64,56
1981,3,7,Southend United,46,69,63,51
1981,3,8,Brentford,46,68,56,47
1981,3,9,Millwall,46,67,62,62
1981,3,10,Plymouth Argyle,46,65,64,56
1981,3,11,Chesterfield,46,64,57,58
1981,3,12,Reading,46,62,67,75
1981,3,13,Portsmouth,46,61,56,51
1981,3,14,Preston North End,46,61,50,56
1981,3,15,Bristol Rovers,46,61,58,65
1981,3,16,Newport County,46,58,54,54
1981,3,17,Huddersfield Town,46,57,64,59
1981,3,18,Exeter City,46,57,71,84
1981,3,19,Doncaster Rovers,46,56,55,68
1981,3,20,Walsall,46,53,51,55
1981,3,21,Wimbledon,46,53,61,75
1981,3,22,Swindon Town,46,52,55,71
1981,3,23,Bristol City,46,46,40,65
1981,3,24,Chester,46,32,36,78
1981,4,1,Sheffield United,46,96,94,41
1981,4,2,Bradford City,46,91,88,45
1981,4,3,Wigan Athletic,46,91,80,46
1981,4,4,AFC Bournemouth,46,88,62,30
1981,4,5,Peterborough United,46,82,71,57
1981,4,6,Colchester United,46,72,82,57
1981,4,7,Port Vale,46,70,56,49
1981,4,8,Hull City,46,69,70,61
1981,4,9,Bury,46,68,80,59
1981,4,10,Hereford United,46,67,64,58
1981,4,11,Tranmere Rovers,46,60,51,56
1981,4,12,Blackpool,46,58,66,60
1981,4,13,Darlington,46,58,61,62
1981,4,14,Hartlepool United,46,55,73,84
1981,4,15,Torquay United,46,55,47,59
1981,4,16,Aldershot,46,54,57,68
1981,4,17,York City,46,50,69,91
1981,4,18,Stockport County,46,49,48,67
1981,4,19,Halifax Town,46,49,51,72
1981,4,20,Mansfield Town,46,47,63,81
1981,4,21,Rochdale,46,46,50,62
1981,4,22,Northampton Town,46,42,57,84
1981,4,23,Scunthorpe United,46,42,43,79
1981,4,24,Crewe Alexandra,46,27,29,84
1982,1,1,Liverpool,42,82,87,37
1982,1,2,Watford,42,71,74,57
1982,1,3,Manchester United,42,70,56,38
1982,1,4,Tottenham Hotspur,42,69,65,50
1982,1,5,Nottingham Forest,42,69,62,50
1982,1,6,Aston Villa,42,68,62,50
1982,1,7,Everton,42,64,66,48
1982,1,8,West Ham United,42,64,68,62
1982,1,9,Ipswich Town,42,58,64,50
1982,1,10,Arsenal,42,58,58,56
1982,1,11,West Bromwich Albion,42,57,51,49
1982,1,12,Southampton,42,57,54,58
1982,1,13,Stoke City,42,57,53,64
1982,1,14,Norwich City,42,54,52,58
1982,1,15,Notts County,42,52,55,71
1982,1,16,Sunderland,42,50,48,61
1982,1,17,Birmingham City,42,50,40,55
1982,1,18,Luton Town,42,49,65,84
1982,1,19,Coventry City,42,48,48,59
1982,1,20,Manchester City,42,47,47,70
1982,1,21,Swansea City,42,41,51,69
1982,1,22,Brighton & Hove Albion,42,40,38,68
1982,2,1,Queens Park Rangers,42,85,77,36
1982,2,2,Wolverhampton Wanderers,42,75,68,44
1982,2,3,Leicester City,42,70,72,44
1982,2,4,Fulham,42,69,64,47
1982,2,5,Newcastle United,42,67,75,53
1982,2,6,Sheffield Wednesday,42,63,60,47
1982,2,7,Oldham Athletic,42,61,64,47
1982,2,8,Leeds United,42,60,51,46
1982,2,9,Shrewsbury Town,42,59,48,48
1982,2,10,Barnsley,42,57,57,55
1982,2,11,Blackburn Rovers,42,57,58,58
1982,2,12,Cambridge United,42,51,42,60
1982,2,13,Derby County,42,49,49,58
1982,2,14,Carlisle United,42,48,68,70
1982,2,15,Crystal Palace,42,48,43,52
1982,2,16,Middlesbrough,42,48,46,67
1982,2,17,Charlton Athletic,42,48,63,86
1982,2,18,Chelsea,42,47,51,61
1982,2,19,Grimsby Town,42,47,45,70
1982,2,20,Rotherham United,42,45,45,68
1982,2,21,Burnley,42,44,56,66
1982,2,22,Bolton Wanderers,42,44,42,61
1982,3,1,Portsmouth,46,91,74,41
1982,3,2,Cardiff City,46,86,76,50
1982,3,3,Huddersfield Town,46,82,84,49
1982,3,4,Newport County,46,78,76,54
1982,3,5,Oxford United,46,78,71,53
1982,3,6,Lincoln City,46,76,77,51
1982,3,7,Bristol Rovers,46,75,84,58
1982,3,8,Plymouth Argyle,46,65,61,66
1982,3,9,Brentford,46,64,88,77
1982,3,10,Walsall,46,64,64,63
1982,3,11,Sheffield United,46,64,62,64
1982,3,12,Bradford City,46,61,68,69
1982,3,13,Gillingham,46,61,58,59
1982,3,14,AFC Bournemouth,46,61,59,68
1982,3,15,Southend United,46,59,66,65
1982,3,16,Preston North End,46,58,60,69
1982,3,17,Millwall,46,55,64,77
1982,3,18,Wigan Athletic,46,54,60,72
1982,3,19,Exeter City,46,54,81,104
1982,3,20,Orient,46,54,64,88
1982,3,21,Reading,46,53,64,79
1982,3,22,Wrexham,46,51,56,76
1982,3,23,Doncaster Rovers,46,38,57,97
1982,3,24,Chesterfield,46,37,43,68
1982,4,1,Wimbledon,46,98,96,45
1982,4,2,Hull City,46,90,75,34
1982,4,3,Port Vale,46,88,67,34
1982,4,4,Scunthorpe United,46,83,71,42
1982,4,5,Bury,46,81,74,46
1982,4,6,Colchester United,46,81,75,55
1982,4,7,York City,46,79,88,58
1982,4,8,Swindon Town,46,68,61,54
1982,4,9,Peterborough United,46,64,58,52
1982,4,10,Mansfield Town,46,61,61,70
1982,4,11,Halifax Town,46,60,59,66
1982,4,12,Torquay United,46,58,56,65
1982,4,13,Chester,46,56,55,60
1982,4,14,Bristol City,46,56,59,70
1982,4,15,Northampton Town,46,54,65,75
1982,4,16,Stockport County,46,54,60,79
1982,4,17,Darlington,46,52,61,71
1982,4,18,Aldershot,46,51,61,82
1982,4,19,Tranmere Rovers,46,50,49,71
1982,4,20,Rochdale,46,49,55,73
1982,4,21,Blackpool,46,49,55,74
1982,4,22,Hartlepool United,46,48,46,76
1982,4,23,Crewe Alexandra,46,41,53,71
1982,4,24,Hereford United,46,41,42,79
